<?xml version="1.0" encoding="utf-8" ?>
<dwsync>
<file name="alerta.php" server="66.97.37.57/adm/" local="133665611710146208" remote="133665612600000000" Dst="0" />
<file name="alerta.php" server="sd-1733945-h00041.ferozo.net/public_html/" local="133665611710146208" remote="133667178000000000" Dst="0" />
<file name="arogenerico.php" server="66.97.37.57/adm/" local="133538761200000000" remote="133538761200000000" Dst="0" />
<file name="alerta.php" server="66.97.37.57" local="133665611710146208" remote="133667242200000000" Dst="0" />
<file name="alerta.php" server="66.97.43.132/public_html/adm/" local="133665611710146208" remote="133673427600000000" Dst="0" />
<file name="alerta.php" server="66.97.43.132/public_html/" local="133665611710146208" remote="133685578800000000" Dst="0" />
<file name="alerta.php" server="D:/DIRSISDESARROLLOS/cloud/VIGENTES/A000_BASE/" local="133665611710146208" remote="133665611710000000" Dst="0" />
<file name="arogenerico.php" server="D:/DIRSISDESARROLLOS/cloud/VIGENTES/A000_BASE/" local="133538761200000000" remote="133538761200000000" Dst="0" />
</dwsync>