<?xml version="1.0" encoding="utf-8" ?>
<dwsync>
<file name="fiscalizar.php" server="66.97.37.57/adm/" local="133669904583534407" remote="133669905600000000" Dst="0" />
<file name="contab.php" server="66.97.37.57/adm/" local="133611201000000000" remote="133611201000000000" Dst="0" />
<file name="fiscalizar.php" server="66.97.43.132/public_html/adm/" local="133669904583534407" remote="133673427600000000" Dst="0" />
<file name="contab.php" server="66.97.43.132/public_html/adm/" local="133611201000000000" remote="133673427600000000" Dst="0" />
<file name="fiscalizar.php" server="sd-1733945-h00041.ferozo.net/public_html/" local="133669904583534407" remote="133675085400000000" Dst="0" />
<file name="fiscalizar.php" server="66.97.37.57" local="133669904583534407" remote="133679814000000000" Dst="0" />
<file name="fiscalizar.php" server="66.97.43.132/public_html/" local="133669904583534407" remote="133685578200000000" Dst="0" />
<file name="contab.php" server="D:/DIRSISDESARROLLOS/cloud/VIGENTES/A000_BASE/" local="133611201000000000" remote="133611201000000000" Dst="0" />
<file name="fiscalizar.php" server="D:/DIRSISDESARROLLOS/cloud/VIGENTES/A000_BASE/" local="133669904583534407" remote="133669904580000000" Dst="0" />
</dwsync>