<?xml version="1.0" encoding="utf-8" ?>
<dwsync>
<file name="advertise.php" server="D:/DIRSISDESARROLLOS/cloud/A000_BASE/" local="132557466100000000" remote="132557466100000000" Dst="0" />
<file name="payment.php" server="D:/DIRSISDESARROLLOS/cloud/A000_BASE/" local="133320396982903741" remote="133320396980000000" Dst="0" />
<file name="promotion.php" server="D:/DIRSISDESARROLLOS/cloud/A000_BASE/" local="133320397574482207" remote="133320397570000000" Dst="0" />
<file name="advertise.php" server="66.97.43.132/public_html/adm/" local="132557466100000000" remote="133326439800000000" Dst="0" />
<file name="promotion.php" server="66.97.43.132/public_html/adm/" local="133320397574482207" remote="133326439800000000" Dst="0" />
<file name="payment.php" server="66.97.43.132/public_html/adm/" local="133320396982903741" remote="133326439800000000" Dst="0" />
<file name="advertise.php" server="ftp.ht000206.ferozo.com//public_html/sistemapedidos/" local="132557466100000000" remote="133345049400000000" Dst="0" />
<file name="payment.php" server="ftp.ht000206.ferozo.com//public_html/sistemapedidos/" local="133320396982903741" remote="133345049400000000" Dst="0" />
<file name="promotion.php" server="ftp.ht000206.ferozo.com//public_html/sistemapedidos/" local="133320397574482207" remote="133345049400000000" Dst="0" />
</dwsync>