[{"acceso":"admdirsis\/_notes\/dwsync","estado":1},{"acceso":"admdirsis\/abono","estado":1},{"acceso":"admdirsis\/abonoxdom","estado":1},{"acceso":"admdirsis\/alerta","estado":1},{"acceso":"admdirsis\/caja","estado":1},{"acceso":"admdirsis\/codiva","estado":1},{"acceso":"admdirsis\/comprob","estado":1},{"acceso":"admdirsis\/consolaencuesta","estado":1},{"acceso":"admdirsis\/contab","estado":1},{"acceso":"admdirsis\/discountlabel","estado":1},{"acceso":"admdirsis\/encuesta","estado":1},{"acceso":"admdirsis\/encuestaconsola","estado":1},{"acceso":"admdirsis\/encuestahistoria","estado":1},{"acceso":"admdirsis\/especial","estado":1},{"acceso":"admdirsis\/estadi","estado":1},{"acceso":"admdirsis\/estado","estado":1},{"acceso":"admdirsis\/factura","estado":1},{"acceso":"admdirsis\/fiscalizar","estado":1},{"acceso":"admdirsis\/fpago","estado":1},{"acceso":"admdirsis\/mlcompetencia","estado":1},{"acceso":"admdirsis\/mlconsulta","estado":1},{"acceso":"admdirsis\/mlpedido","estado":1},{"acceso":"admdirsis\/mlproduct_meli","estado":1},{"acceso":"admdirsis\/mlproducto","estado":1},{"acceso":"admdirsis\/mlpublicado","estado":1},{"acceso":"admdirsis\/paciente","estado":1},{"acceso":"admdirsis\/paciente_group","estado":1},{"acceso":"admdirsis\/paciente_sgroup","estado":1},{"acceso":"admdirsis\/planabono","estado":1},{"acceso":"admdirsis\/plataforma","estado":1},{"acceso":"admdirsis\/precio","estado":1},{"acceso":"admdirsis\/preciosvencidos","estado":1},{"acceso":"admdirsis\/presu","estado":1},{"acceso":"admdirsis\/preyfirma","estado":1},{"acceso":"admdirsis\/recibo","estado":1},{"acceso":"admdirsis\/reparto","estado":1},{"acceso":"admdirsis\/revisabase","estado":1},{"acceso":"admdirsis\/saldo","estado":1},{"acceso":"admdirsis\/tmotivo","estado":1},{"acceso":"apis\/_notes\/dwsync","estado":1},{"acceso":"apis\/tiendanube","estado":1},{"acceso":"banco\/bankcta","estado":1},{"acceso":"banco\/bankinver","estado":1},{"acceso":"banco\/bankiversion","estado":1},{"acceso":"banco\/bankmovim","estado":1},{"acceso":"banco\/repetido","estado":1},{"acceso":"banco\/transmovim","estado":1},{"acceso":"catalog\/_notes\/dwsync","estado":1},{"acceso":"catalog\/artconsulta","estado":1},{"acceso":"catalog\/attribute","estado":1},{"acceso":"catalog\/attribute_group","estado":1},{"acceso":"catalog\/category","estado":1},{"acceso":"catalog\/chat","estado":1},{"acceso":"catalog\/comixcant","estado":1},{"acceso":"catalog\/download","estado":1},{"acceso":"catalog\/filter","estado":1},{"acceso":"catalog\/information","estado":1},{"acceso":"catalog\/manufacturer","estado":1},{"acceso":"catalog\/notaeditor","estado":1},{"acceso":"catalog\/nproduct","estado":1},{"acceso":"catalog\/opinion","estado":1},{"acceso":"catalog\/option","estado":1},{"acceso":"catalog\/product","estado":1},{"acceso":"catalog\/recurring","estado":1},{"acceso":"catalog\/review","estado":1},{"acceso":"catalog\/stock","estado":1},{"acceso":"common\/_notes\/dwsync","estado":1},{"acceso":"common\/column_left","estado":1},{"acceso":"common\/dashboard2","estado":1},{"acceso":"common\/dashboard3","estado":1},{"acceso":"common\/developer","estado":1},{"acceso":"common\/filemanager","estado":1},{"acceso":"common\/profile","estado":1},{"acceso":"common\/security","estado":1},{"acceso":"contable\/_notes\/dwsync","estado":1},{"acceso":"contable\/cbasiento","estado":1},{"acceso":"contable\/cbbalance","estado":1},{"acceso":"contable\/cbdiario","estado":1},{"acceso":"contable\/cbmayor","estado":1},{"acceso":"contable\/cbplan","estado":1},{"acceso":"ctb\/_notes\/dwsync","estado":1},{"acceso":"ctb\/asiento","estado":1},{"acceso":"ctb\/balance","estado":1},{"acceso":"ctb\/banco","estado":1},{"acceso":"ctb\/coeficientertg","estado":1},{"acceso":"ctb\/concepto","estado":1},{"acceso":"ctb\/condicioniva","estado":1},{"acceso":"ctb\/cuenta","estado":1},{"acceso":"ctb\/diario","estado":1},{"acceso":"ctb\/dminuta","estado":1},{"acceso":"ctb\/easiento","estado":1},{"acceso":"ctb\/eauditoria","estado":1},{"acceso":"ctb\/ecategoria","estado":1},{"acceso":"ctb\/echeque","estado":1},{"acceso":"ctb\/ejercicio","estado":1},{"acceso":"ctb\/eregistro","estado":1},{"acceso":"ctb\/formadepago","estado":1},{"acceso":"ctb\/lmotivo","estado":1},{"acceso":"ctb\/mayor","estado":1},{"acceso":"ctb\/mespecializacion","estado":1},{"acceso":"ctb\/modulo","estado":1},{"acceso":"ctb\/rdebito","estado":1},{"acceso":"ctb\/rdebitobc","estado":1},{"acceso":"ctb\/tactualizacion","estado":1},{"acceso":"ctb\/tarjeta","estado":1},{"acceso":"ctb\/tasaiva","estado":1},{"acceso":"ctb\/tcheque","estado":1},{"acceso":"ctb\/tcuenta","estado":1},{"acceso":"ctb\/tcuentabc","estado":1},{"acceso":"ctb\/tipocompr","estado":1},{"acceso":"ctb\/tregistro","estado":1},{"acceso":"ctb\/ulegajo","estado":1},{"acceso":"customer\/_notes\/dwsync","estado":1},{"acceso":"customer\/address","estado":1},{"acceso":"customer\/custom_field","estado":1},{"acceso":"customer\/customer","estado":1},{"acceso":"customer\/customer_approval","estado":1},{"acceso":"customer\/customer_group","estado":1},{"acceso":"customer\/customerlg","estado":1},{"acceso":"design\/banner","estado":1},{"acceso":"design\/layout","estado":1},{"acceso":"design\/seo_url","estado":1},{"acceso":"design\/theme","estado":1},{"acceso":"design\/translation","estado":1},{"acceso":"dirsiscredito\/calculofinanciero","estado":1},{"acceso":"dirsiscredito\/coeficientecuota","estado":1},{"acceso":"dirsiscredito\/consultafinanciero","estado":1},{"acceso":"dirsiscrm\/compra","estado":1},{"acceso":"dirsiscrm\/proveedor","estado":1},{"acceso":"dirsiscrm\/proveedor_group","estado":1},{"acceso":"dirsiscrud\/_notes\/dwsync","estado":1},{"acceso":"dirsiscrud\/category","estado":1},{"acceso":"dirsiscrud\/ciclico","estado":1},{"acceso":"dirsiscrud\/compo","estado":1},{"acceso":"dirsiscrud\/deposito","estado":1},{"acceso":"dirsiscrud\/diseno","estado":1},{"acceso":"dirsiscrud\/dispo","estado":1},{"acceso":"dirsiscrud\/equipo","estado":1},{"acceso":"dirsiscrud\/hruta","estado":1},{"acceso":"dirsiscrud\/linea","estado":1},{"acceso":"dirsiscrud\/lote","estado":1},{"acceso":"dirsiscrud\/manufacturer","estado":1},{"acceso":"dirsiscrud\/manutentor","estado":1},{"acceso":"dirsiscrud\/maqui","estado":1},{"acceso":"dirsiscrud\/matriz","estado":1},{"acceso":"dirsiscrud\/mtproceso","estado":1},{"acceso":"dirsiscrud\/mtproceso","estado":1},{"acceso":"dirsiscrud\/mtstatus","estado":1},{"acceso":"dirsiscrud\/operador","estado":1},{"acceso":"dirsiscrud\/otstatus","estado":1},{"acceso":"dirsiscrud\/proceso","estado":1},{"acceso":"dirsiscrud\/product","estado":1},{"acceso":"dirsiscrud\/prstatus","estado":1},{"acceso":"dirsiscrud\/sector","estado":1},{"acceso":"dirsiscrud\/silo","estado":1},{"acceso":"dirsiscrud\/tarea","estado":1},{"acceso":"dirsiscrud\/turno","estado":1},{"acceso":"dirsisexcel\/_notes\/dwsync","estado":1},{"acceso":"dirsisexcel\/expoimpo","estado":1},{"acceso":"dirsisexcel\/integra","estado":1},{"acceso":"dirsislibrary\/product","estado":1},{"acceso":"dirsismeli\/product","estado":1},{"acceso":"dirsismrp\/_notes\/dwsync","estado":1},{"acceso":"dirsismrp\/es","estado":1},{"acceso":"dirsismrp\/ot","estado":1},{"acceso":"dirsismrp\/pr","estado":1},{"acceso":"dirsismrp\/prstop","estado":1},{"acceso":"dirsisturno\/aviso","estado":1},{"acceso":"dirsisturno\/banner","estado":1},{"acceso":"dirsisturno\/consola","estado":1},{"acceso":"dirsisturno\/historia","estado":1},{"acceso":"dirsisturno\/turnero","estado":1},{"acceso":"erp\/_notes\/dwsync","estado":1},{"acceso":"erp\/area","estado":1},{"acceso":"erp\/audit","estado":1},{"acceso":"erp\/autogestion","estado":1},{"acceso":"erp\/caja","estado":1},{"acceso":"erp\/cajaapertura","estado":1},{"acceso":"erp\/cargo","estado":1},{"acceso":"erp\/categoria","estado":1},{"acceso":"erp\/categorialab","estado":1},{"acceso":"erp\/circulo","estado":1},{"acceso":"erp\/comision","estado":1},{"acceso":"erp\/conceptoacobrar","estado":1},{"acceso":"erp\/conceptoagendado","estado":1},{"acceso":"erp\/conceptodevengado","estado":1},{"acceso":"erp\/condicionflia","estado":1},{"acceso":"erp\/contacto","estado":1},{"acceso":"erp\/cuenta","estado":1},{"acceso":"erp\/designatitulo","estado":1},{"acceso":"erp\/districto","estado":1},{"acceso":"erp\/distrito","estado":1},{"acceso":"erp\/dpto","estado":1},{"acceso":"erp\/eactualizacion","estado":1},{"acceso":"erp\/ecivil","estado":1},{"acceso":"erp\/eespecializacion","estado":1},{"acceso":"erp\/elaboratorio","estado":1},{"acceso":"erp\/equipo","estado":1},{"acceso":"erp\/especialidad","estado":1},{"acceso":"erp\/estadocuenta","estado":1},{"acceso":"erp\/etramite","estado":1},{"acceso":"erp\/facultad","estado":1},{"acceso":"erp\/laboratorio","estado":1},{"acceso":"erp\/lcomplejidad","estado":1},{"acceso":"erp\/localidad","estado":1},{"acceso":"erp\/ltipo","estado":1},{"acceso":"erp\/malta","estado":1},{"acceso":"erp\/marca","estado":1},{"acceso":"erp\/matricula","estado":1},{"acceso":"erp\/mbaja","estado":1},{"acceso":"erp\/mesaentrada","estado":1},{"acceso":"erp\/modelo","estado":1},{"acceso":"erp\/modflia","estado":1},{"acceso":"erp\/modpractica","estado":1},{"acceso":"erp\/motivo","estado":1},{"acceso":"erp\/mtramite","estado":1},{"acceso":"erp\/nacionalidad","estado":1},{"acceso":"erp\/organizacion","estado":1},{"acceso":"erp\/osocial","estado":1},{"acceso":"erp\/persona","estado":1},{"acceso":"erp\/plantilla","estado":1},{"acceso":"erp\/practica","estado":1},{"acceso":"erp\/proveedor","estado":1},{"acceso":"erp\/provincia","estado":1},{"acceso":"erp\/recibo","estado":1},{"acceso":"erp\/relacion","estado":1},{"acceso":"erp\/sexo","estado":1},{"acceso":"erp\/tactual","estado":1},{"acceso":"erp\/tequipo","estado":1},{"acceso":"erp\/tipocompr","estado":1},{"acceso":"erp\/tipodoc","estado":1},{"acceso":"erp\/tlaboratorio","estado":1},{"acceso":"erp\/tmuestra","estado":1},{"acceso":"erp\/torganizacion","estado":1},{"acceso":"erp\/trelacion","estado":1},{"acceso":"erp\/universidad","estado":1},{"acceso":"event\/language","estado":1},{"acceso":"event\/statistics","estado":1},{"acceso":"event\/theme","estado":1},{"acceso":"extension\/advertise\/google","estado":1},{"acceso":"extension\/analytics\/google","estado":1},{"acceso":"extension\/captcha\/basic","estado":1},{"acceso":"extension\/captcha\/google","estado":1},{"acceso":"extension\/dashboard\/_notes\/dwsync","estado":1},{"acceso":"extension\/dashboard\/alerta","estado":1},{"acceso":"extension\/dashboard\/arogenerico","estado":1},{"acceso":"extension\/dashboard\/eco","estado":1},{"acceso":"extension\/dashboard\/ecopedidoentrega","estado":1},{"acceso":"extension\/dashboard\/erp","estado":1},{"acceso":"extension\/dashboard\/erpabono","estado":1},{"acceso":"extension\/dashboard\/erpcobranza1","estado":1},{"acceso":"extension\/dashboard\/erpdiario1","estado":1},{"acceso":"extension\/dashboard\/erpevoventa","estado":1},{"acceso":"extension\/dashboard\/erpsaldo1","estado":1},{"acceso":"extension\/dashboard\/erpultimo","estado":1},{"acceso":"extension\/dashboard\/erpventa1","estado":1},{"acceso":"extension\/dashboard\/erpventa2","estado":1},{"acceso":"extension\/dashboard\/est","estado":1},{"acceso":"extension\/dashboard\/estfpago","estado":1},{"acceso":"extension\/dashboard\/estmensual","estado":1},{"acceso":"extension\/dashboard\/estmes","estado":1},{"acceso":"extension\/dashboard\/esttotal","estado":1},{"acceso":"extension\/dashboard\/gral","estado":1},{"acceso":"extension\/dashboard\/iniboton1","estado":1},{"acceso":"extension\/dashboard\/matriculado","estado":1},{"acceso":"extension\/dashboard\/microproceso","estado":1},{"acceso":"extension\/export_import","estado":1},{"acceso":"extension\/extension\/_notes\/dwsync","estado":1},{"acceso":"extension\/extension\/advertise","estado":1},{"acceso":"extension\/extension\/analytics","estado":1},{"acceso":"extension\/extension\/captcha","estado":1},{"acceso":"extension\/extension\/dashboard","estado":1},{"acceso":"extension\/extension\/feed","estado":1},{"acceso":"extension\/extension\/fraud","estado":1},{"acceso":"extension\/extension\/menu","estado":1},{"acceso":"extension\/extension\/module","estado":1},{"acceso":"extension\/extension\/payment","estado":1},{"acceso":"extension\/extension\/promotion","estado":1},{"acceso":"extension\/extension\/report","estado":1},{"acceso":"extension\/extension\/shipping","estado":1},{"acceso":"extension\/extension\/theme","estado":1},{"acceso":"extension\/extension\/total","estado":1},{"acceso":"extension\/feed\/google_base","estado":1},{"acceso":"extension\/feed\/google_sitemap","estado":1},{"acceso":"extension\/feed\/openbaypro","estado":1},{"acceso":"extension\/fraud\/fraudlabspro","estado":1},{"acceso":"extension\/fraud\/ip","estado":1},{"acceso":"extension\/fraud\/maxmind","estado":1},{"acceso":"extension\/module\/_notes\/dwsync","estado":1},{"acceso":"extension\/module\/account","estado":1},{"acceso":"extension\/module\/banner","estado":1},{"acceso":"extension\/module\/bestseller","estado":1},{"acceso":"extension\/module\/cajarecibo","estado":1},{"acceso":"extension\/module\/calculofinanciero","estado":1},{"acceso":"extension\/module\/carousel","estado":1},{"acceso":"extension\/module\/cart","estado":1},{"acceso":"extension\/module\/category","estado":1},{"acceso":"extension\/module\/categoryimage","estado":1},{"acceso":"extension\/module\/d_quickcheckout","estado":1},{"acceso":"extension\/module\/dirsisestadipedido","estado":1},{"acceso":"extension\/module\/dirsisestadocuenta","estado":1},{"acceso":"extension\/module\/divido_calculator","estado":1},{"acceso":"extension\/module\/encuesta","estado":1},{"acceso":"extension\/module\/espe","estado":1},{"acceso":"extension\/module\/facebook_business","estado":1},{"acceso":"extension\/module\/featured","estado":1},{"acceso":"extension\/module\/filter","estado":1},{"acceso":"extension\/module\/google_hangouts","estado":1},{"acceso":"extension\/module\/html","estado":1},{"acceso":"extension\/module\/information","estado":1},{"acceso":"extension\/module\/latest","estado":1},{"acceso":"extension\/module\/multicategoria","estado":1},{"acceso":"extension\/module\/naycocheque0","estado":1},{"acceso":"extension\/module\/naycocheque1","estado":1},{"acceso":"extension\/module\/naycodiario0","estado":1},{"acceso":"extension\/module\/naycodiario1","estado":1},{"acceso":"extension\/module\/naycodiario2","estado":1},{"acceso":"extension\/module\/naycodiario3","estado":1},{"acceso":"extension\/module\/naycodiario4","estado":1},{"acceso":"extension\/module\/naycoejecucion1","estado":1},{"acceso":"extension\/module\/naycoejecucion2","estado":1},{"acceso":"extension\/module\/naycoejecucion3","estado":1},{"acceso":"extension\/module\/naycoejecucion4","estado":1},{"acceso":"extension\/module\/naycoejecucion5","estado":1},{"acceso":"extension\/module\/oop_category_plus","estado":1},{"acceso":"extension\/module\/pideturno","estado":1},{"acceso":"extension\/module\/pilibaba_button","estado":1},{"acceso":"extension\/module\/pp_braintree_button","estado":1},{"acceso":"extension\/module\/price_slider","estado":1},{"acceso":"extension\/module\/slideshow","estado":1},{"acceso":"extension\/module\/snipper","estado":1},{"acceso":"extension\/module\/social_login","estado":1},{"acceso":"extension\/module\/special","estado":1},{"acceso":"extension\/module\/store","estado":1},{"acceso":"extension\/module\/todo","estado":1},{"acceso":"extension\/module\/woo","estado":1},{"acceso":"extension\/payment\/_notes\/dwsync","estado":1},{"acceso":"extension\/payment\/bank_transfer","estado":1},{"acceso":"extension\/payment\/cheque","estado":1},{"acceso":"extension\/payment\/cod","estado":1},{"acceso":"extension\/payment\/decidir","estado":1},{"acceso":"extension\/payment\/divido","estado":1},{"acceso":"extension\/payment\/eway","estado":1},{"acceso":"extension\/payment\/free_checkout","estado":1},{"acceso":"extension\/payment\/mp_standard","estado":1},{"acceso":"extension\/payment\/mp_ticket","estado":1},{"acceso":"extension\/payment\/mp_transparente","estado":1},{"acceso":"extension\/payment\/twocheckout","estado":1},{"acceso":"extension\/payment\/viumi","estado":1},{"acceso":"extension\/report\/customer_activity","estado":1},{"acceso":"extension\/report\/customer_order","estado":1},{"acceso":"extension\/report\/customer_reward","estado":1},{"acceso":"extension\/report\/customer_search","estado":1},{"acceso":"extension\/report\/customer_transaction","estado":1},{"acceso":"extension\/report\/marketing","estado":1},{"acceso":"extension\/report\/product_purchased","estado":1},{"acceso":"extension\/report\/product_viewed","estado":1},{"acceso":"extension\/report\/sale_coupon","estado":1},{"acceso":"extension\/report\/sale_order","estado":1},{"acceso":"extension\/report\/sale_return","estado":1},{"acceso":"extension\/report\/sale_shipping","estado":1},{"acceso":"extension\/report\/sale_tax","estado":1},{"acceso":"extension\/shipping\/flat","estado":1},{"acceso":"extension\/shipping\/flat1","estado":1},{"acceso":"extension\/shipping\/flat10","estado":1},{"acceso":"extension\/shipping\/flat2","estado":1},{"acceso":"extension\/shipping\/flat3","estado":1},{"acceso":"extension\/shipping\/flat4","estado":1},{"acceso":"extension\/shipping\/flat5","estado":1},{"acceso":"extension\/shipping\/flat6","estado":1},{"acceso":"extension\/shipping\/flat7","estado":1},{"acceso":"extension\/shipping\/flat8","estado":1},{"acceso":"extension\/shipping\/flat9","estado":1},{"acceso":"extension\/shipping\/free","estado":1},{"acceso":"extension\/shipping\/item","estado":1},{"acceso":"extension\/shipping\/pickup","estado":1},{"acceso":"extension\/shipping\/weight","estado":1},{"acceso":"extension\/theme\/default","estado":1},{"acceso":"extension\/total\/coupon","estado":1},{"acceso":"extension\/total\/credit","estado":1},{"acceso":"extension\/total\/dirsis_discount","estado":1},{"acceso":"extension\/total\/handling","estado":1},{"acceso":"extension\/total\/low_order_fee","estado":1},{"acceso":"extension\/total\/reward","estado":1},{"acceso":"extension\/total\/shipping","estado":1},{"acceso":"extension\/total\/sub_total","estado":1},{"acceso":"extension\/total\/tax","estado":1},{"acceso":"extension\/total\/total","estado":1},{"acceso":"extension\/total\/voucher","estado":1},{"acceso":"localisation\/_notes\/dwsync","estado":1},{"acceso":"localisation\/codiva","estado":1},{"acceso":"localisation\/country","estado":1},{"acceso":"localisation\/currency","estado":1},{"acceso":"localisation\/factura_status","estado":1},{"acceso":"localisation\/geo_zone","estado":1},{"acceso":"localisation\/language","estado":1},{"acceso":"localisation\/length_class","estado":1},{"acceso":"localisation\/location","estado":1},{"acceso":"localisation\/order_status","estado":1},{"acceso":"localisation\/return_action","estado":1},{"acceso":"localisation\/return_reason","estado":1},{"acceso":"localisation\/return_status","estado":1},{"acceso":"localisation\/stock_status","estado":1},{"acceso":"localisation\/tax_class","estado":1},{"acceso":"localisation\/tax_rate","estado":1},{"acceso":"localisation\/weight_class","estado":1},{"acceso":"localisation\/zone","estado":1},{"acceso":"mail\/_notes\/dwsync","estado":1},{"acceso":"mail\/affiliate","estado":1},
{"acceso":"mail\/customer","estado":1},
{"acceso":"mail\/notifica","estado":1},
{"acceso":"mail\/forgotten","estado":1},
{"acceso":"mail\/return","estado":1},
{"acceso":"mail\/reward","estado":1},
{"acceso":"mail\/transaction","estado":1},{"acceso":"marketing\/contact","estado":1},{"acceso":"marketing\/coupon","estado":1},{"acceso":"marketing\/ganador","estado":1},{"acceso":"marketing\/marketing","estado":1},{"acceso":"marketplace\/_notes\/dwsync","estado":1},{"acceso":"marketplace\/api","estado":1},{"acceso":"marketplace\/event","estado":1},{"acceso":"marketplace\/extension","estado":1},{"acceso":"marketplace\/install","estado":1},{"acceso":"marketplace\/installer","estado":1},{"acceso":"marketplace\/marketplace","estado":1},{"acceso":"marketplace\/modification","estado":1},{"acceso":"marketplace\/openbay","estado":1},{"acceso":"meli\/api","estado":1},{"acceso":"meli\/consultorio","estado":1},{"acceso":"pkdirsis\/_notes\/dwsync","estado":1},{"acceso":"pkdirsis\/agente","estado":1},{"acceso":"pkdirsis\/download","estado":1},{"acceso":"pkdirsis\/flyers","estado":1},{"acceso":"pkdirsis\/informe","estado":1},{"acceso":"pkdirsis\/operacion","estado":1},{"acceso":"pkdirsis\/ppsrdownload","estado":1},{"acceso":"pkdirsis\/ppsrinforme","estado":1},{"acceso":"pkdirsis\/ppstdownload","estado":1},{"acceso":"pkdirsis\/ppstestadi","estado":1},{"acceso":"pkdirsis\/ppstinforme","estado":1},{"acceso":"pkdirsis\/recurring","estado":1},{"acceso":"pkdirsis\/review","estado":1},{"acceso":"pkdirsis\/uniondownload","estado":1},{"acceso":"pkdirsis\/unioninforme","estado":1},{"acceso":"produccion\/_notes\/dwsync","estado":1},{"acceso":"produccion\/category","estado":1},{"acceso":"produccion\/cliente","estado":1},{"acceso":"produccion\/dispo","estado":1},{"acceso":"produccion\/estado","estado":1},{"acceso":"produccion\/etiq","estado":1},{"acceso":"produccion\/family","estado":1},{"acceso":"produccion\/grupo","estado":1},{"acceso":"produccion\/libera","estado":1},{"acceso":"produccion\/lote","estado":1},{"acceso":"produccion\/maquina","estado":1},{"acceso":"produccion\/oc","estado":1},{"acceso":"produccion\/ot","estado":1},{"acceso":"produccion\/otpr","estado":1},{"acceso":"produccion\/proceso","estado":1},{"acceso":"produccion\/product","estado":1},{"acceso":"produccion\/proveedor","estado":1},{"acceso":"produccion\/sector","estado":1},{"acceso":"produccion\/stockxlote","estado":1},{"acceso":"produccion\/tarea","estado":1},{"acceso":"report\/online","estado":1},{"acceso":"report\/report","estado":1},{"acceso":"report\/statistics","estado":1},{"acceso":"rmadirsis\/_notes\/dwsync","estado":1},{"acceso":"rmadirsis\/agenda","estado":1},{"acceso":"rmadirsis\/agendaturno","estado":1},{"acceso":"rmadirsis\/aviso","estado":1},{"acceso":"rmadirsis\/calenconfig","estado":1},{"acceso":"rmadirsis\/calendario","estado":1},{"acceso":"rmadirsis\/customer","estado":1},{"acceso":"rmadirsis\/diagno","estado":1},{"acceso":"rmadirsis\/evento","estado":1},{"acceso":"rmadirsis\/feriado","estado":1},{"acceso":"rmadirsis\/formula","estado":1},{"acceso":"rmadirsis\/historial","estado":1},{"acceso":"rmadirsis\/interna","estado":1},{"acceso":"rmadirsis\/miturno","estado":1},{"acceso":"rmadirsis\/profesional","estado":1},{"acceso":"rmadirsis\/servicio","estado":1},{"acceso":"rmadirsis\/status","estado":1},{"acceso":"rmadirsis\/tratamiento","estado":1},{"acceso":"sale\/_notes\/dwsync","estado":1},{"acceso":"sale\/abando","estado":1},{"acceso":"sale\/order","estado":1},{"acceso":"sale\/orderxmanu","estado":1},{"acceso":"sale\/recurring","estado":1},{"acceso":"sale\/return","estado":1},{"acceso":"sale\/voucher","estado":1},{"acceso":"sale\/voucher_theme","estado":1},{"acceso":"setting\/_notes\/dwsync","estado":1},{"acceso":"setting\/setting","estado":1},{"acceso":"setting\/store","estado":1},{"acceso":"startup\/error","estado":1},{"acceso":"startup\/event","estado":1},{"acceso":"startup\/login","estado":1},{"acceso":"startup\/permission","estado":1},{"acceso":"startup\/router","estado":1},{"acceso":"startup\/sass","estado":1},{"acceso":"startup\/startup","estado":1},{"acceso":"tool\/_notes\/dwsync","estado":1},{"acceso":"tool\/backup","estado":1},{"acceso":"tool\/log","estado":1},{"acceso":"tool\/upload","estado":1},{"acceso":"user\/_notes\/dwsync","estado":1},{"acceso":"user\/api","estado":1},{"acceso":"user\/user","estado":1},{"acceso":"user\/user_permission","estado":1}]