<?xml version="1.0" encoding="utf-8" ?>
<dwsync>
<file name="tiendanube.php" server="ftp.ht000206.ferozo.com//public_html/sistemapedidos/" local="133366771378947202" remote="133366771200000000" Dst="0" />
<file name="tiendanube.php" server="D:/DIRSISDESARROLLOS/cloud/A000_BASE/" local="133366771378947202" remote="133366771370000000" Dst="0" />
<file name="tiendanube.php" server="200.58.111.38" local="133354959560783496" remote="133356540600000000" Dst="0" />
<file name="tiendanube.php" server="66.97.43.132/public_html/adm/" local="133366771378947202" remote="133368399600000000" Dst="0" />
<file name="tiendanube.php" server="66.97.43.132/public_html/" local="133366771378947202" remote="133386487200000000" Dst="0" />
<file name="tiendanube.php" server="66.97.37.57/adm/" local="133366771378947202" remote="133415898600000000" Dst="0" />
<file name="tiendanube.php" server="sd-1733945-h00022.ferozo.net//public_html/" local="133366771378947202" remote="133396161600000000" Dst="0" />
<file name="tiendanube.php" server="sd-1733945-h00022.ferozo.net//public_html/pay/" local="133366771378947202" remote="133396317000000000" Dst="0" />
<file name="tiendanube.php" server="66.97.37.57" local="133366771378947202" remote="133404831000000000" Dst="0" />
<file name="tiendanube.php" server="D:/DIRSISDESARROLLOS/cloud/VIGENTES/A000_BASE/" local="133366771378947202" remote="133366771370000000" Dst="0" />
</dwsync>