<?xml version="1.0" encoding="utf-8" ?>
<dwsync>
<file name="asiento.php" server="66.97.37.57" local="133609990321147283" remote="133609990200000000" Dst="0" />
<file name="asiento.php" server="66.97.37.57/adm/" local="133609990321147283" remote="133610373000000000" Dst="0" />
<file name="asiento.php" server="66.97.43.132/public_html/" local="133609990321147283" remote="133626817800000000" Dst="0" />
<file name="concepto.php" server="66.97.37.57" local="133613079394998085" remote="133613079000000000" Dst="0" />
<file name="asiento.php" server="sd-1733945-h00041.ferozo.net/public_html/" local="133609990321147283" remote="133633213800000000" Dst="0" />
<file name="concepto.php" server="sd-1733945-h00041.ferozo.net/public_html/" local="133613079394998085" remote="133633213800000000" Dst="0" />
<file name="asiento.php" server="66.97.43.132/public_html/adm/" local="133609990321147283" remote="133614556200000000" Dst="0" />
<file name="concepto.php" server="66.97.43.132/public_html/adm/" local="133613079394998085" remote="133614556200000000" Dst="0" />
<file name="concepto.php" server="66.97.37.57/adm/" local="133613079394998085" remote="133615616400000000" Dst="0" />
<file name="concepto.php" server="66.97.43.132/public_html/" local="133613079394998085" remote="133626817800000000" Dst="0" />
<file name="asiento.php" server="D:/DIRSISDESARROLLOS/cloud/VIGENTES/A000_BASE/" local="133609990321147283" remote="133609990320000000" Dst="0" />
<file name="concepto.php" server="D:/DIRSISDESARROLLOS/cloud/VIGENTES/A000_BASE/" local="133613079394998085" remote="133613079390000000" Dst="0" />
</dwsync>